iter	Logloss
0	0.3023511524
1	0.1766989002
2	0.1198760098
3	0.1025775424
4	0.08086602425
5	0.06864031551
6	0.05773312952
7	0.05119673668
8	0.04383378817
9	0.03986501157
